book,author,publication date,language,book publisher,ISBN,BNB id
World politics : international relations and globalisation in the 21st century,Jeffrey Haynes,2023,English,SAGE,1529613827,GBC315766
World music : a global journey,J. Brown,2023,English,Routledge,1000909531/1000909517,GBC397766
Reflections of deviance,A. A. Lucas,2023,English,Severn House,1448308019,GBC2M0828
Reduction theory and arithmetic groups,Joachim Schwermer,2023,English,Cambridge University Press,1108832038,GBC2F3287
Tintin in Congo,Herge,2023,English,MAGNET,1000932218,GBC3C1738
A game of secrets,J. Brown,2023,English,Mills&Boon,,GBC2K1871
A day in the life of Natalie Numbat,D. G. Lloyd,2023,English,Austin Macauley Publishers,1398449336,GBC3D2676
"Albert A. Michelson and his interferometer : lord of the spinning worlds, master of light",A. A. Lucas,2023,English,Cambridge Scholars Publishing,1527504417,GBC3D8074
Atalanta : the mesmerising story of the only female Argonaut,Jennifer Saint,2023,English,Wildfire,1472292186,GBC327754
"Bristol : danger, death & dark deeds",Cynthia Stiles,2023,English,Amberley Publishing,1398105355,GBC327600
Tintin in Tibet,Herge,2023,English,MAGNET,1915853653,GBC372362
Goodnight Mr Stone,A. A. Lucas,2023,English,Grosvenor House Publishing,1803814285,GBC346032
Find your own path : a life coach's guide to changing your life,Fiona Buckland,2023,English,Michael Joseph,241587317,GBC304022
Fritz and Kurt,Jeremy Dronfield,2023,English,Puffin,,GBC2K1944
Mediterranean timescapes : chronological age and cultural practice in the Roman empire,Ray Laurence,2023,English,Routledge,1351973854,GBC341336
Murder make$ the world go round,Jeffrey Haynes,2023,English,Austin Macauley Publishers,1035816859,GBC3D2623
New institutional economics as situational logic ; a phenomenological perspective,Piet de Vries,2023,English,Routledge,1317653639,GBC3B7795
NSU Ro80 : the complete story,Martin Buckley,2023,English,The Crowood Press,719841750,GBC2K6209
Quantum phases of matter,Subir Sachdev,2023,English,Cambridge University Press,1009212694,GBC339244
Perloff's clinical recognition of congenital heart disease,Ariane J. Marelli,2023,English,North-Holland Biomedical Press,323547826,GBC2J1661
Ootlin : a memoir,Jenni Fagan,2023,English,PenguinBooks,1804942147,GBC3A8419
On days like these : the lost memoir of a goalkeeper,Tim Rich,2023,English,Quercus,1529428582,GBC351813
The secret heir,Zuri Day,2023,English,Mills&Boon,8931629,GBC303981
The nanny game,Zuri Day,2022,English,Mills&Boon,8924362,GBC280615
Elektra,Jennifer Saint,2022,English,Wildfire,1472273932,GBC220938
"Two rivals, one bed",Zuri Day,2022,English,Mills&Boon,8924607,GBC2G0188
Revolution and democracy in Ghana : the politics of Jerry John Rawlings,Jeffrey Haynes,2022,English,Routledge,1000837681/1000837735,GBC2L0228
Good morning Miss Shelby,Denise Lunt,2022,English,Grosvenor House Publishing,1803812304,GBC2J0267
The bone library,Jenni Fagan,2022,English,Morning Star,1788855211,GBC2B9218
Hex,Jenni Fagan,2022,English,Morning Star,1788854832,GBC212724
Dark truths,A. J. Cross,2021,English,Black Thorn,1838853952,GBC0J5119
Celebrating Bristol,Cynthia Stiles,2021,English,Amberley Publishing,1445698090,GBC177361
The last little secret,Zuri Day,2021,English,Mills&Boon,8911157,GBC115906
Inconvenient attraction,Zuri Day,2021,English,Mills&Boon,8911584,GBC1F0388
Ariadne,Jennifer Saint,2021,English,Wildfire,1472273885/1472273888,GBC206194
Luckenbooth,Jenni Fagan,2021,English,Cornerstone Digital,1473507098,GBC0H3988
Trump and the politics of neo-nationalism : the Christian right and secular nationalism in America,Jeffrey Haynes,2021,English,Routledge,1000389838/1003122432/1000389869,GBC127222
"Thoughtful leadership : a guide to leading with mind, body and soul",Fiona Buckland,2021,English,Leaping Hare Press,,GBC1C3182
World music : a global journey,Terry E. Miller,2020,English,Routledge,1000203875/0367823498/1000203868/1000203882,GBC0G7836
The quality of madness,Tim Rich,2020,English,Quercus,1529405026,GBC004003
Sin city seduction,Zuri Day,2020,English,Mills&Boon,8904524,GBC052657
The boy who followed his father into Auschwitz,Jeremy Dronfield,2019,English,PenguinBooks,241359174,GBB9A0427
The boy who followed his father into Auschwitz,Jeremy Dronfield,2019,English,Michael Joseph,241359181,GBB8K4179
Truth,Jenni Fagan,2019,English,Tangerine Press,1910691445,GBC2F6715
From Huntington to Trump : Thirty Years of the Clash of Civilizations,Jeffrey Haynes,2019,English,Lexington Books,1498578209,GBB9I6867
"A-Z of Bristol : places, people, history",Cynthia Stiles,2019,English,Amberley Publishing,1445681726,GBB9H4975
Sin city vows,Zuri Day,2019,English,Mills&Boon,1474092173,GBB8N0204
Ready for the rancher,Zuri Day,2019,English,Mills&Boon,1474092722,GBB9B9207
Spring in autumn,Denise Lunt,2018,English,Grosvenor House Publishing Limited,1786233073,GBC233974
French quarter kisses,Zuri Day,2018,English,Mills&Boon,1474084864,GBB887558
There's a witch in the word machine,Jenni Fagan,2018,English,Morning Star,1788851046/1788851048,GBB8G5914
World music : a global journey,Terry E. Miller,2018,English,Routledge,1351176033/1351175982/1351176026/1351175999,GBB8F5970
Decadent desire,Zuri Day,2017,English,Mills&Boon,1474080019,GBB7I9081
Something evil comes,A. J. Cross,2017,English,Severn House Digital,178010913X,GBB7N8608
Goodnight Mr Stone,Denise Lunt,2017,English,Grosvenor House Publishing Limited,1786230904,GBC0C7611
Lavish loving,Zuri Day,2017,English,Mills&Boon,1474068185,GBB757430
A little death,A. J. Cross,2017,English,Severn House,1780108451,GBB787830
Bristol in 50 buildings,Cynthia Stiles,2016,English,Amberley Publishing,1445650061,GBC038364
Bristol in 50 buildings,Cynthia Stiles,2016,English,Amberley,1445650050,GBB5H4985
The dead Queen of Bohemia : new & collected poems,Jenni Fagan,2016,English,Morning Star,0857908988/1846973390,GBB618635
Packing heat,Zuri Day,2016,English,Dafina,1617734274,GBB5H5898
The sunlight pilgrims,Jenni Fagan,2016,English,Windmill Books,99592181,GBB674570
The sunlight pilgrims,Jenni Fagan,2016,English,William Heinemann,434023301,GBB601182
The sunlight pilgrims,Jenni Fagan,2016,English,Cornerstone Digital,1473507081,GBB628180
An introduction to international relations and religion,Jeffrey Haynes,2016,English,Routledge,1138135673,GBB626855
World music : a global journey,Terry E. Miller,2016,English,Routledge,1138911314/1317434368/1317434351/1317434375/1315692791,GBB6E0352
Sapphire attraction,Zuri Day,2016,English,Kimani,373864553,GBB645067
Sapphire attraction,Zuri Day,2016,English,Mills&Boon,1474055000,GBB649594
"Religions, transnational actors and soft power",Jeffrey Haynes,2016,English,Routledge,1317066903,GBB648992
Religious transnational actors and soft power,Jeffrey Haynes,2016,English,Routledge,1138250987,GBB6D3057
Driving heat,Zuri Day,2015,English,Dafina,1617734250,GBB505654
World music : a global journey,Terry E. Miller,2015,English,Routledge,0415717809/1317974638/131797462X/1315871068,GBB496769
Mercedes-Benz W123 : the finest saloon car of the 20th century?,Martin Buckley,2014,English,Mark Cosovich and John Summers,1782803720,GBB563944
Secret silver nights,Zuri Day,2014,English,Kimani,373863709,GBB467769
Faith-based organizations at the United Nations,Jeffrey Haynes,2014,English,PalgraveMacmillan,1137409157,GBB4C6517
Bad boy seduction,Zuri Day,2014,English,Dafina,758275134,GBB424452
Art of deception,A. J. Cross,2014,English,Orion,1409137474,GBB450921
"The complete illustrated encyclopedia of classic cars : the world's most famous and fabulous cars from 1945 to 2000, shown in 1800 photographs",Martin Buckley,2014,English,Southwater,1780193977,GBB490764
World music : a global journey,Terry E. Miller,2014,English,Routledge,0415717816/1317974581/1317974598/1317974604,GBB496770
America's covered bridges : practical crossings - nostalgic icons,Terry E. Miller,2014,English,Tuttle,804842655,GBB428677
An introduction to international relations and religion,Jeffrey Haynes,2013,English,Pearson,1408277362,GBB398264
Art of deception,A. J. Cross,2013,English,Orion Books,1409142720,GBB596359
Art of deception,A. J. Cross,2013,English,Orion,1409142713/1409142706,GBB339224
Diamond dreams,Zuri Day,2013,English,Camden,1471325502/1471325519,GBB339366
Good dose of pleasure,Zuri Day,2013,English,Dafina,758275127,GBB379308
Solid gold seduction,Zuri Day,2013,English,Kimani,373863334,GBB386859
The Panopticon,Jenni Fagan,2013,English,Windmill Books,99558644,GBB305168
World music : a global journey,Terry E. Miller,2012,English,Routledge,0415808235/0415887143/0415808243,GBB2B9083
Religious transnational actors and soft power,Jeffrey Haynes,2012,English,Ashgate,1409425088,GBB1E4626
Roman archaeology for historians,Ray Laurence,2012,English,Routledge,0415505925/0415505917,GBB217546
Diamond dreams,Zuri Day,2012,English,Mills&Boon,1408978814,GBC042156
Diamond dreams,Zuri Day,2012,English,Kimani,373862539,GBB1C8275
Gone in seconds,A. J. Cross,2012,English,Orion Books,140914268X/1409142671/1409142698,GBB229000
Champagne kisses,Zuri Day,2012,English,Kimani,373862784,GBB246998
Love on the run,Zuri Day,2012,English,Dafina,758275110,GBB272447
Love in play,Zuri Day,2012,English,Dafina,758260008,GBB1A7920
The encyclopedia of classic cars : a celebration of the motor car from 1945 to 1985,Martin Buckley,2012,English,Southwater,1780192509,GBB2B7576
The Panopticon,Jenni Fagan,2012,English,William Heinemann,0434021776/144810632X/0385347871,GBB209354
The roads of Roman Italy : mobility and cultural change,Ray Laurence,2011,English,Routledge,415620066,GBB0C7592
Maserati : Italian luxury and flair,Martin Buckley,2011,English,Haynes,1844255042,GBB0A2083
"Religion, politics and international relations : selected essays",Jeffrey Haynes,2011,English,Routledge,0415617812/0415617804,GBB0D0220
"The city in the Roman West, c. 250 BC-c. AD 250",Ray Laurence,2011,English,Cambridge University Press,0521877504/0521701406,GBB0C7866
Quantum phase transitions,Subir Sachdev,2011,English,Cambridge University Press,521514681,GBB0C7832
Lovin' blue,Zuri Day,2011,English,Dafina,758259999,GBB102804
Where do I go from here?,India Rigg,2023,English,Hodder and Stoughton,1529382686,GBC304573
"Decades of decadence : how our spoiled elites blew America's inheritance of liberty, security, and prosperity",Marco Rubio,2023,English,Broadside Books,63296978,GBC3D5279
Grogu's galaxy : meet Mando's new friend!,Matt Jones,2023,English,DK Children,241632352,GBC304056
Mastering Adobe Photoshop Elements 2023 : bring out the best in your images using Photoshop Elements 2023,Robin Nichols,2023,English,Packt Publishing,1803248837,GBC2L0653
Personal insurances : M86: 2023-24 study text,Valerie Jackson,2023,English,Chartered Insurance Institute,1800026919,GBC3E1468
Pippa in London,Yeshim Abdi,2023,English,Austin Macauley Publishers,1528976626,GBC310385
Plant photography,Adrian Davies,2023,English,The Crowood Press,719842085,GBC3C3785
Mastering Adobe Photoshop Elements 2022 : boost your image-editing skills using the latest Adobe Photoshop Elements tools and techniques,Robin Nichols,2022,English,Packt Publishing,1803230467,GBC216461
Household insurance products : IF6: 2023 Study text,Valerie Jackson,2022,English,Chartered Insurance Institute,1800025431,GBC368134
Packaged commercial insurances : IF8: 2023 study text,Valerie Jackson,2022,English,Chartered Insurance Institute,1800025516,GBC3E1886
"Love, loss and little white lies",India Rigg,2022,English,Hodder and Stoughton,1529382631,GBC1K6386
Household insurance products : IF6: 2022 study text,Valerie Jackson,2021,English,The Chartered Insurance Institute,1800022812,GBC2A8574
Packaged commercial insurances : IF8: 2022 study text,Valerie Jackson,2021,English,The Chartered Insurance Institute,1800022898,GBC2A8613
Personal insurances : M86: 2021-22 study text,Valerie Jackson,2021,English,The Chartered Insurance Institute,1800021075,GBC1K2922
Mastering adobe photoshop elements 2020 : supercharge your image editing using the latest features and techniques in photoshop elements.,Robin Nichols,2020,English,Packt,1800209118,GBC337523
Packaged commercial insurances : IF8. 2021. Study text,Valerie Jackson,2020,English,Chartered Insurance Institute,1800020313,GBC141171
Photographing the unseen world : art and techniques,Adrian Davies,2020,English,The Crowood Press,1785007040,GBC004046
Personal insurances : M86: 2020-21 study text,Valerie Jackson,2020,English,The Chartered Insurance Institute,,GBC1G9388
Household insurance products : IF6: 2021 Study text,Valerie Jackson,2020,English,Chartered Insurance Institute,1800020238,GBC163188
Star Wars - the rise of Skywalker : the galactic guide,Matt Jones,2020,English,DK Children,241440209,GBB9I6062
Household insurance products : IF6 Study text : 2020,Valerie Jackson,2019,English,Chartered Insurance Institute,1786427496,GBC038680
Mastering Adobe Photoshop Elements : Excel in digital photography and image editing for print and web using Photoshop Elements 2019,Robin Nichols,2019,English,Packt Publishing,1789803709,GBB9F4904
Packaged commercial insurances : IF8. Study text. 2020,Valerie Jackson,2019,English,Chartered Insurance Institute,1786427571,GBC141145
Personal insurances : M86. Study text. 2019-20,Valerie Jackson,2019,English,Chartered Insurance Institute,1786426239,GBC011095
Riding the Rover coaster : the inside story of tranmere's turbulent decade,Matt Jones,2019,English,,1527253179,GBC3I0146
Star Wars - the rise of Skywalker : the galactic guide,Matt Jones,2019,English,Dorling Kindersley Limited,241357743,GBB9G6513
Digital ultraviolet and infrared photography,Adrian Davies,2018,English,Routledge,1315515075,GBB7J9110
Dubai,Matt Jones,2018,English,APA Publications (UK) Ltd,1785730658/1786718051,GBB8E7449
Household insurance products. IF6 Study text: 2019,Valerie Jackson,2018,English,Chartered Insurance Institute,1786424969,GBB936093
Back where we belong : how Tranmere returned to the football league,Matt Jones,2018,English,Matt Jones,1527227456,GBB960129
Personal insurances : M86/P86. Study text. 2018-19,Valerie Jackson,2018,English,Chartered Insurance Institute,1786423306,GBB8J2347
Packaged commercial insurances : IF8 : study text,Valerie Jackson,2017,English,Chartered Insurance Institute,1786422668,GBB871513
Personal insurances : M86/P86. Study text. 2017-18,Valerie Jackson,2017,English,The Chartered Insurance Institute,1786421166,GBB7B7700
Household insurance products : IF6 Study text: 2018,Valerie Jackson,2017,English,Chartered Insurance Institute,1786422620,GBB883456
Best practice in corporate governance : building reputation and sustainable success,Adrian Davies,2016,English,Gower,1317175087,GBB652952
The globalisation of corporate governance : the challenge of clashing cultures,Adrian Davies,2016,English,Gower,1317030096,GBB642519
Packaged commercial insurances : IF8 study text : 2016-17,Valerie Jackson,2016,English,CII,857138422,GBB6B2232
Household insurance products. IF6 study text: 2016-17,Valerie Jackson,2016,English,Chartered Insurance Institute,857138347,GBB6C2205
Dubai,Matt Jones,2015,English,Berlitz,1780041988,GBB590710
Personal insurances : P86 study text: October 2015,Valerie Jackson,2015,English,CII,857138125,GBB654146
American dreams : restoring economic opportunity for everyone,Marco Rubio,2015,English,Sentinel,143109037,GBB5E3883
American dreams : restarting the economy and restoring the land of opportunity,Marco Rubio,2015,English,Sentinel,1595231130,GBB4F0285
"Certificate in Insurance, 2015. Household insurance products IF6",Valerie Jackson,2014,English,Chartered Insurance Institute,0857136336/0857136695,GBB613648
"Certificate in Insurance, 2015. Packaged commercial insurances IF8",Valerie Jackson,2014,English,Chartered Insurance Institute,0857136718/0857136374,GBB613666
Digital plant photography,Adrian Davies,2013,English,Bloomsbury,1408171295,GBB313494
Dubai,Matt Jones,2012,English,Berlitz,1780040628,GBB245657
"The PayPal official insider guide to mobile profits : make money anytime, anywhere",Matt Jones,2012,English,PayPal Press,321792165,GBB1A2113
Dubai step by step,Matt Jones,2011,English,,1780050321,GBB1B9110
The globalisation of corporate governance : the challenge of clashing cultures,Adrian Davies,2011,English,Gower,566088932,GBB146351
"When Nani, When?",Jesse Kaur,2023,Chinese,Mantra Lingua Ltd,1801372190/1801372251,GBC3D0998
Virtue politics : Mencius on kingly rule,Mencius,2023,Chinese,Hermits United,1739115616,GBC3I8759
"A brief history of the Chinese language. VIII, Modern Chinese lexicon 2",Xi Xiang,2023,Chinese,Routledge,1000834529/1000834567,GBC2M4716
"A brief history of the Chinese language. VII, Modern Chinese lexicon 1",Xi Xiang,2023,Chinese,Routledge,1000834659/1000834703,GBC2M4718
"A brief history of the Chinese language. VI, Middle Chinese lexicon 2",Xi Xiang,2023,Chinese,Routledge,1000834642/1000834697,GBC2M4717
"A brief history of the Chinese language. V, Middle Chinese lexicon 1",Xi Xiang,2023,Chinese,Routledge,1000834956/1000834963,GBC2M4720
"A brief history of the Chinese language. IV, Old Chinese lexicon",Xi Xiang,2023,Chinese,Routledge,1000834512/1000834550,GBC2M4715
A dictionary of high frequency function words in literary Chinese,Mei Ah Tan,2023,Chinese,Routledge,1000836721/1000836660,GBC304162
Nouns and verbs in Chinese I : facts and theories,Jiaxuan Shen,2023,Chinese,Routledge,1000873405/1000873399,GBC341198
Three hundred Chinese cut verses with English translations,Yongsheng Cheng,2023,Chinese,Cambridge Scholars Publishing,1527501997,GBC390336
The Chinese rhyme tables. Volume II,Wenguo Pan,2023,Chinese,Routledge,1000909593/1000909579/1000850772/1000850765,GBC397768
The Chinese rhyme tables. Volume I,Wenguo Pan,2023,Chinese,Routledge,1000850772/1000850765,GBC315462
"The language of nation-state building in late Qing China : a case study of the Xinmin Congbao and the Minbao, 1902-1910",Qing Cao,2023,Chinese,Routledge,1000832716/1000832686,GBC2L5146
Modern Cantonese : a textbook for global learners. Book 1,Zhaolin Li,2022,Chinese,Routledge,1003083689/1000773071/1000773163,GBC2G7886
Naturalistic photography : for students of the art,Peter Henry Emerson,2022,Chinese,Oak Publishing UK,1739931564,GBC3A0286
Neverland,Lu Li,2022,Chinese,Oak Publishing Ltd,173993153X,GBC3A9369
Ying dui zhi hui xue = Intelligence management,Xiupeng Zha,2022,Chinese,Billson International Ltd,1914362543,GBC300854
God wants me to write down : a memories book,Fa McKenna,2022,Chinese,Grosvenor House Publishing Limited,1839759505,GBC357783
A journey to find the cuckoo : a heroic legend about exploring the secret of the four seasons,Wenda,2022,Chinese,SCPG,1938368639,GBC1K1379
A further collection of Chinese lyrics,Alan Ayling,2022,Chinese,Routledge,1003259756/1000583120/1000582987,GBC246311
A thousand auspicious meanings : Chinese porcelain teapots from the Sapientia Collection for the domestic market,Pauline Ngai,2022,Chinese,Jorge Welsh Research and Publishing,1838216351,GBC378046
A collection of Chinese lyrics,Alan Ayling,2022,Chinese,Routledge,1003259725/1000582970/1000583113,GBC246310
Ai de ben yuan = The origins of love,Yinghui Gong,2022,Chinese,Billson International Ltd,1914362535,GBC300853
The dragon daughter and other Lin Lan fairy tales,Lin Lan (Literary story writer),2022,Chinese,Princeton University Press,691214412,GBC201673
The crane : selected poems of Yau Noi,Lan Wa,2022,Chinese,The Dedalus Press,1910251959/1910251942,GBC2F6931
The ethics of Confucius,Vincent Yang,2022,Chinese,Ethics International Press Ltd,1804410055,GBC373333
How to read Chinese prose in Chinese : a course in classical Chinese,Jie Cui,2022,Chinese,Columbia University Press,0231202938/023120292X,GBC1J9140
Path of peace,Yujia Zhou,2022,Chinese,MR Data Space,1035212323,GBC305990
Proscribed Chinese writing,Robert Tung,2022,Chinese,Routledge,1000583588/1000583533/1003170099,GBC246328
The Witch and Warlock Café on Wutong Road,B. Du,2022,Chinese,Luyi Publishing,1913080778/1913080792,GBC281737
Mapping the translator : a study of Liang Shiqiu,Liping Bai,2022,Chinese,Routledge,1000564372/1000564419/1003271963,GBC225147
The big rock = Yi kuai da shi,Jian Li,2022,Chinese,SCPG,1938368646,GBC1K1380
Teaching and researching Chinese second language listening,Wei Cai,2022,Chinese,Routledge,0429594649/0429060007/0429595936,GBC246014
Spring in New York = Niuyue zhi chun,Xiaodong Liu,2022,Chinese,Lisson Gallery,947830774,GBC338691
Chinese legends : three popular stories,M. Kan,2022,Chinese,Super Speak Juniors,1838179917/1838179933,GBC342802
Complete Mandarin Chinese,Zhaoxia Pang,2022,Chinese,Teach Yourself,1473698314,GBC220989
China and the shared human future : exploring common values and goals,Martin Albrow,2021,Chinese,Global Century Press,1913522162/1913522148,GBC3G1564
"A history of Chinese classical scholarship. Volume I, Zhou: Confucius, the six classics, and scholastic transmission",David B. Honey,2021,Chinese,AcademicaPress,1680539608,GBC1E1807
"A history of Chinese classical scholarship. Volume II, Qin, Han, Wei, Jin: canon and commentary",David B. Honey,2021,Chinese,AcademicaPress,1680539615,GBC2G8795
"A history of Chinese classical scholarship. Volume III, Northern and Southern Dynasties, Sui, and Early Tang: The decline of factual philology and the rise of speculative hermeneutics",David B. Honey,2021,Chinese,AcademicaPress,1680539622,GBC263064
ABC Cantonese-English comprehensive dictionary,Robert Stuart Bauer,2021,Chinese,University of Hawaiʿi Press,824877322,GBC268343
A word to the wise : tales 1-100,B. Du,2021,Chinese,Luyi Publishing,1913080532/1913080556,GBC1E3107
A word to the wise : tales 101-200 in simplified Chinese characters,B. Du,2021,Chinese,Luyi Publishing,1913080716,GBC1G8536
A word to the wise : tales in traditional Chinese characters,B. Du,2021,Chinese,Luyi Publishing,1913080693,GBC1G8535
Dazzling official Jun wares : from museums and collections around the world,Rose Kerr,2021,Chinese,ACC Art Books,1788841492,GBC187350
Deep simulator,Ag,2021,Chinese,Tabula Rasa Gallery,1527296329,GBC2H9064
The little calf : a story of courage told in English and Chinese,Hu Dong,2021,Chinese,Better Link Press,1602204667,GBC2L6643
The Old Fool Who Moved Mountains,Francis Gérard,2021,Chinese,Totem Productions Ltd,1912895080,GBC2D9184
Ode to the Goddess of the Luo River,Mengfu Zhao,2021,Chinese,"Lighthouse Publishing Co., Ltd.",1913536920,GBC2G5782
Mither tongue,Jidi Majia,2021,Chinese,Vagabond Voices,1913212315,GBC2A5557
Modern Mandarin Chinese : the Routledge course. Workbook level 2,Claudia Ross,2021,Chinese,Routledge,1317327226/1315657165/1317327233,GBC139498
Freud and China : possession and imagination,Craig Clunas,2021,Chinese,Freud Museum London,948687501,GBC3A3852
Great expectations,Charles Dickens,2021,Chinese,Cambridge Text Education,1789710151/1789710144,GBC2H4359
Writing pirates : vernacular fiction and oceans in late Ming China,Yuanfei Wang,2021,Chinese,University of Michigan Press,0472132546/0472038510,GBC154702
Unlocking Mandarin chinese with Paul Noble,Paul Noble,2021,Chinese,Collins,8408176,GBC0H3568
Shennong's miracle herbs,Francis Gérard,2021,Chinese,Totem Productions Ltd,1912895099,GBC3I5686
Research and application of product design materials,Qingping Fang,2021,Chinese,UK Scientific Publishing,183838460X,GBC151567
Social perspective : an intermediate-advanced Chinese course. Volume I,Yi Ning,2021,Chinese,Routledge,1000295832/1000295894/1003128380,GBC0I4866
Social perspective : an intermediate-advanced Chinese course. Volume II,Yi Ning,2021,Chinese,Routledge,1000479492/1003128403/1000479584,GBC1F9176
The accurate use of Chinese : practical sentence structures and word usage for English speakers,Wen-Hua Teng,2021,Chinese,Routledge,1003024347/1000485226/1000485257,GBC1H4117
The art of war : journal,Sunzi,2021,Chinese,Amber Books Ltd,1838861017,GBC377511
The art of war,Sunzi,2021,Chinese,Wellfleet Press,760372050,GBC1G7959
Introduction to Classical Chinese,Kai Vogelsang,2021,Chinese,Oxford University Press,0198834977/0198834984,GBC194086
Intermediate Chinese characters : learn 300 Mandarin characters and 1200 words,Haohsiang Liao,2021,Chinese,Tuttle Publishing,804846639,GBC1E0428
Ben cao gang mu,Shizhen Li,2021,Chinese,University of California Press,0520385030/0520379916/0520385054/0520385016/0520379893/0520379923,GBC134311
The cold food observance,Shi Su,2021,Chinese,Lighthouse,1913536428,GBC1E5895
The Chinese lexicon : a comprehensive survey,Po-ching Yip,2021,Chinese,Routledge,1136928833,GBC1H7666
Luo Zhouzhong's theory of quality education = Luo Zhouzhong xue xing su yang jiao yu xu lun,Guogang She,2021,Chinese,Scientific Publishing Limited,1838384678,GBC1G1898
Key concepts in traditional Chinese medicine,Zhaoguo Li,2021,Chinese,PalgraveMacmillan,9811623981,GBC181796
Lan niao he shu = A blue bird and her little tree : a story told in English and Chinese,Bo Jin,2021,Chinese,Better Link Press,1602204659,GBC366036
Leaping the dragon gate : the Sir Michael Butler collection of seventeenth-century Chinese porcelain,Teresa Canepa,2021,Chinese,Ad Ilissvm,1912168163,GBC108806
Jane Eyre,Charlotte Brontë,2021,Chinese,Cambridge Text Education,1789710106/1789710113,GBC2H4371
Our God,Ḥaḍrat Mirza Bashir Ahmad,2021,Chinese,Islam International Publications Ltd,1848800465,GBC2C9485
Paolo Gioli : antologica/analogica : l'opera filmica e fotografica (1969-2019,Paolo Gioli,2021,Chinese,SilvanaEditoriale,8836647677,GBC191968
Pangu creates Heaven and Earth,Francis Gérard,2021,Chinese,Totem,1912895072,GBC3I5716
The wild horses of Sable Island,Roberto Dutesco,2021,Chinese,teNeues Publishing Group,3832798499,GBC2G1703
The time axis,B. Du,2021,Chinese,Luyi Publishing,1913080570/1913080594,GBC1E3109
The umbrella tree : a story told in English and Chinese,Bing Bai,2021,Chinese,Better Link Press,1602204640,GBC2L6677
This face : Xu Yong + Zi U,Yong Xu,2021,Chinese,Hatje Cantz,3775750967,GBC1A3012
The sign of the four,Arthur Conan Doyle,2020,Chinese,Cambridge Text Education Ltd,1789710021,GBC282661
Wee MacNessie and the lion dance,Pauline Mackay,2020,Chinese,Ablekids Press,1910280423,GBB9K1937
Xu Bing : book from the sky to book from the ground,Bing Xu,2020,Chinese,ACC Art Books,1788840620,GBB9F9139
Voices from early China : the odes demystified,Geoffrey Sampson,2020,Chinese,Cambridge Scholars Publishing,1527555228,GBC0J0740
"Zao an, ou ba (fan ti zi ban) = Love in Korea (A novel in traditional Chinese characters",B. Du,2020,Chinese,Luyi Publishing,1913080457,GBC1A7989
Unlocking Mandarin chinese with Paul Noble,Paul Noble,2020,Chinese,Collins,8408169,GBC0G9847
Colloquial Chinese : the complete course for beginners,Qian Kan,2020,Chinese,Routledge,0429758577/0429758584/0429425639/0429758591,GBC0D9347
China ready! : Chinese for hospitality and tourism,Catherine Hua Xiang,2020,Chinese,Routledge,1351063166/1351063180/1351063173,GBC0I1128
Chow! : 75 selected recipes with notes on table etiquette,Dolly Chow,2020,Chinese,ACC Art Books,1788840755,GBC002915
A day with Grandpa,Fiona Rose,2020,Chinese,Mantra Lingua,1787849112,GBC1H2420
A Christmas carol,Charles Dickens,2020,Chinese,Cambridge Text Education,1789710045,GBC352895
Acting Chinese : an intermediate-advanced course in discourse and behavioral culture,Yanfang Tang,2020,Chinese,Routledge,1351662123/1351662130/1351662116/1315160313/1351662139,GBC024020
"Frankenstein, or, The modern Prometheus",Mary Wollstonecraft Shelley,2020,Chinese,Cambridge Text Education Ltd,1789710069,GBC282654
The magical silkworm : a story about a birthday gift told in English and Chinese,Jian Li,2020,Chinese,Better Link Press,1602204614,GBC346996
Veines superficielles et profondes des membres : Traitements endoveineux et chirurgicaux,Yves Alimi,2023,French,Elsevier/Masson,2294777603,GBC3C3246
Vieux-Lyon et Presqu'île : vue d'un artiste,Richard Cole,2023,French,Coeur de Lion Press,1916095720,GBC3C4202
"When Nani, When?",Jesse Kaur,2023,French,Mantra Lingua Ltd,1801372220,GBC3D0991
Virus émergents et ré-émergents,Hervé Fleury,2023,French,Elsevier/Masson,2294783050,GBC3H2021
Vif,Anneli McLachlan,2023,French,Oxford University Press,1382033114,GBC2L8406
Urgences pédiatriques,Gérard Chéron,2023,French,Elsevier/Masson,2294778375,GBC3I5941
150 trucs et astuces pour le chirurgien-dentiste : Optimiser son temps et faciliter la pratique,Laurent Dussarps,2023,French,Elsevier/Masson,2294779495,GBC3C3227
Gabonais et Gabonaises : écrivons une nouvelle page de notre histoire,Victoire Issembe,2023,French,Mary Bro Foundation Publishing,1914910449,GBC3H2190
Génial! 2 : junior cycle French,Elisabeth Butler,2023,French,Gill Education,717196906,GBC3A9430
Génial! 2 : cahier d'activités : junior cycle French,Elisabeth Butler,2023,French,Gill Education,717196944,GBC3A9431
Memento de la sage-femme,Richard Matis,2023,French,Elsevier/Masson,2294779460,GBC3C3234
Méga-guide pratique des urgences : De l'Evidence based medicine à la pratique,Dominique Pateron,2023,French,Elsevier/Masson,2294781031,GBC3F3115
Medieval Narbonne : a city at the heart of the troubadour world,Jacqueline Caille,2023,French,Routledge,1000939118,GBC371357
Neuromodulation en neurologie et en psychiatrie,Mihaela Bustuchina Vlaicu,2023,French,Elsevier/Masson,2294778995,GBC3C3260
Monsieur Roscoe in the city,Jim Field,2023,French,Hodder Childrens Books,1444955996,GBC386339
Petit manuel de survie en medecine intensive-reanimation : 100 procedures en poche,Pierre-Yves Olivier,2023,French,Elsevier/Masson,2294777379,GBC3C3226
Personnalités difficiles ou dangereuses au travail : Identifier les comportements et gérer les troubles,Roland Guinchard,2023,French,Elsevier/Masson,2294779827,GBC3D7908
Pionniers du droit occidental au Moyen Age,André Gouron,2023,French,Routledge,1000947823,GBC371538
"Perchement et Réalités Fortifiées en Méditerranée et en Europe, Vème-Xème Siècles : Fortified Hilltop Settlements in the Mediterranean and in Europe (5th-10th Centuries",Philippe Pergola,2023,French,Hadrian Books,1803272422,GBC399443
Histoire du droit savant (13e-18e siècle) : doctrines et vulgarisation par incunables,Robert Feenstra,2023,French,Routledge,1000948080,GBC371557
"Neurofeedback : outils, méthodologies et applications",Pascale Vincent,2017,French,ISTE Editions Ltd,1784052973,GBB7L4989
No et moi : literature study guide for AS/A-level French,Karine Harrington,2017,French,Hodder Education,1471890093,GBB7G1990
Nothing's in vain,Emmanuelle Andrianjafy,2017,French,Mack,1910164763,GBB7K8534
Noa Noa,Paul Gauguin,2017,French,Modern Humanities Research Association,1781881545,GBB7H5580
Nostradamus : The Complete Prophecies of the Seer,Constantin Vaughn,2017,French,Erebus Society,993328459,GBB8F7937
Nouveaux systèmes de santé : soins intégrés et réductions des inégalités de santé,Mohamed Lamine Bendaoud,2017,French,ISTE Editions Ltd,1784053277,GBB826786
Nouvelle approche manipulative : Colonne cervicale,J. P. Barral,2017,French,Elsevier/Masson,2294749685,GBB7O3283
Observations des surfaces continentales par télédetection III : urbain et zones cotières,Nicolas Baghdadi,2017,French,ISTE Editions Ltd,1784051600,GBB729123
Nouvelles stratégies d'internationalisation des PME : innover pour conquérir de nouveaux marchés,Noémie Dominguez,2017,French,ISTE Editions Ltd,1784053017,GBB7N0377
"Objets communicants sécurisés : applications, conceptions et concrétisation",Dominique Paret,2017,French,ISTE Editions Ltd,1784053031,GBB7K8535
Nutrition du sportif,A-Xavier Bigard,2017,French,Elsevier/Masson,2294755146,GBB7N8217
Modèles géographiques avec le langage Mathematica,André Dauphiné,2017,French,ISTE Editions Ltd,1784052362,GBB7N0310
Mise en oeuvre d'IP et Ethernet dans le réseau de mobiles 4G,Andre Perez,2017,French,,1784052447,GBB7M6832
"Mise en forme des matériaux : simulation, emboutissage, hydroformage et fabrication additive",Bouchaïb Radi,2017,French,ISTE Editions,1784051945,GBB757741
Modélisation et analyse de systèmes embarqués : application à l'assistance à domicile,Smain Femmam,2017,French,ISTE Editions,1784052737,GBB7N0315
Modélisation et simulation des flux logistiques,Jean-Michel Reveillac,2017,French,ISTE Editions,1784052065/1784052041/1784052058,GBB7J3556
"Morbihan, terre de mégalithes",Jean-Yves André,2017,French,Brest Georama,2915002959,GBC2C9434
"Mélangeurs fluide-fluide, fluide-solide, solide-solide",Jean-Paul Duroudier,2017,French,ISTE Editions,1784051747,GBB758644
Mécanique des solides divisés,Jean-Paul Duroudier,2017,French,ISTE Editions,1784051815,GBB779373
Mécanique des fluides : méthodes analytiques,Michel Ledoux,2017,French,ISTE Editions,1784062590/1784052591,GBB7B1754
Du territoire au détail,Emmanuel Rey,2014,French,Quart Editions,3037610916,GBB506451
Dreamland,Barbara Luisi,2014,French,Contrasto,8869655005,GBB475272
"Expédition scientifique en Mesopotamie : exécutée par ordre du gouvernement de 1851-1854 par MM. Fulgence Fresnel, Félix Thomas, et Jules Oppert",Jules Oppert,2014,French,Cambridge University Press,1108078979/1108078962/1108078979/1108078986/1108078962/1108078986/1108078962,GBB4D3513
"Dysorthographie et dysgraphie : 300 exercices : comprendre, évaluer, remédier, s'entraîner",Françoise Estienne-Dejong,2014,French,Elsevier/Masson,2294743857,GBB850815
Selections from La Bruyère,Jean de La Bruyère,2014,French,Cambridge University Press,1107666122,GBB3A1416
Quelques images de retour en 2013,Julien Blaine,2014,French,Redfoxpress,,GBC1C4087
Sept lecons sur le roman et la culture modernes en Chine,Pingyuan Chen,2014,French,Brill,9004283558/9004283565,GBB4C0624
"Réseau : communication, intégration, intersections",Jean-Marie Schultz,2014,French,Prentice-Hall,205932610,GBB417805
Schaum's outline : French vocabulary,Mary E. Coffman Crocker,2014,French,Mc Graw-Hill,71828389,GBB368796
Rond-point,S. L. Difusion,2014,French,Prentice-Hall,205949403,GBB3A0711
"Tanger, Maroc : la sociologe d'une ville-frontière = A sociological study of Tangiers, Morocco",Natalia Ribas Mateos,2014,French,Edwin Mellen Press,773442561,GBB765976
Solanaceae,Sovanmoly Hul,2014,French,Muséum National D'Histoire Naturelle,2856537503,GBB5A7757
The big book of French words,Mackinnon Mairi,2014,French,Usborne,1409582328,GBB438640
"The Baur Collection, Geneva : Japanese Buddhist textiles : textiles Bouddhiques Japonais",Helen Loveday,2014,French,5 Continents Editions,8874396450,GBB491312
Talk French,Isabelle Fournier,2014,French,BBC Active,1406677051/1406679007/1406679250,GBC184689
Talk French 2,Sue Purcell,2014,French,BBC Active,1406679106/1406679298,GBB468426
Talk French. 1,Isabelle Fournier,2014,French,BBC Active,1406678901,GBB468419
Sunstroke : Jean-Daniel Lorieux : photo,Jean-Daniel Lorieux,2014,French,Gourcuff Gradenigo,2353401963,GBB4B4319
Sur le vif,Hannelore Jarausch,2014,French,Cengage Learning,1133936032,GBB296372
Sur les pistes du Congo = Congo on the road,Angelo Turconi,2014,French,Stichting Kunstboek,9058565082,GBB4E6877
Families in French : les families,Daniel Nunn,2014,French,Raintree,1406250923,GBB402486
"God and the End of Satan = Dieu et la Fin de Satan : selections, in a bilingual edition",Victor Hugo,2014,French,Swan Isle Press,983322047,GBB2C9352
"Guerre de Troie, guerres des cultures et guerres du Golfe : les usages de l'Iliade dans la culture écrite américaine contemporaine",Gaël Grobéty,2014,French,Peter Lang,3034315112,GBB683058
Guide de thérapeutique 2015,Léon Perlemuter,2014,French,Elsevier/Masson,2294712439,GBB850598
Guide du calcul de doses et de débits médicamenteux,Dominique Rispail,2014,French,Elsevier/Masson,2294742710,GBB850812
Guide pratique de l'infirmière,Léon Perlemuter,2014,French,Elsevier/Masson,2294742796,GBB850813
French in 30 days : course book,Micheline Funke,2014,French,Berlitz,1780044279,GBB439246
French : KS3 revision guide,Karine Harrington,2014,French,Collins,7562855,GBB437310
French : leaving certificate higher level,Josephine Grandgeorge,2014,French,Edco The Educational Company of Ireland,1845366254,GBB527740
French phrasebook,François Morel-Fourrier,2014,French,Marco Polo,3829708203,GBB432088
French reading and comprehension,Annie Heminway,2014,French,Mc Graw-Hill,71798907,GBB3A8817
French values,Gavin Morse,2014,French,Matador,1783062652,GBB380379
French verbMAPS,Phil McGowan,2014,French,verbMAPS publishing,992907204,GBB6E9240
French grammar in context,Margaret A. Jubb,2014,French,Routledge/Taylor & Francis,1134750285,GBB859174
Francis Picabia : catalogue raisonné,William A. Camfield,2014,French,,0300243727/0300208283/0300266962/0300222463,GBB4A3698
"France Roc. 1, Bourgogne = Burgundy",David Atchison-Jones,2014,French,Jingo Wobbly,1873665169,GBB414292
Blue Note : photos,Francis Wolff,2014,French,Flammarion,2080202208,GBB4B7280
Anne Derasse : architecture d' intérieur,Lise Coirier,2014,French,Beta-Plus,2875500182,GBB430411
"Architectures de Los Angeles : photographies de Denis Freppel, 1880-1940",Denis Freppel,2014,French,Gourcuff Gradenigo,2353402007,GBB537032
Books of hours = Livres d'heures,Peter Kidd,2014,French,AVOA,992870305,GBB511363
Bettina Rheims : gender studies,Bettina Rheims,2014,French,Thames and Hudson,3869308029,GBB488425
Concours IFSI : Le tout-en-un Épreuve orale,O. Perche,2012,French,Elsevier/Masson,2294730313,GBB808335
Concours d'entree AS/AP : épreuve orale,Jacqueline Gassier,2012,French,Elsevier/Masson,2294718976,GBB850632
Concours ATSEM : épreuves écrites et orale : le tout-en-un,Jacqueline Gassier,2012,French,Elsevier/Masson,2294730798,GBB850747
Concours AP : tests d'aptitude : le tout-en-un,G. Broyer,2012,French,Elsevier/Masson,2294730100,GBB808333
Concilier l'inconciliable : les régimes internationaux et européens de contrôle du commerce nucléaire,Quentin Michel,2012,French,P Lang,9052017990,GBB404667
Correct your French blunders : how to avoid 99% of the common mistakes made by learners of French,Véronique Mazet,2012,French,Mc Graw-Hill,71788247,GBB214477
"Corpus des notes marginales. Vol. 5, La Barre - Muyart de Vouglans",Voltaire,2012,French,Voltaire Foundation,729409406,GBB228732
"Corps, sensorialité et pathologies de la symbolisation : Clinique des phénomènes addictifs dans l'anorexie et dans l'hyperactivité",André Calza,2012,French,Elsevier/Masson,2294705289/2294734467,GBB811767
"Caravanserai : traces, places, dialogue in the Middle East = Caravansérails : traces, places, dialogue au Moyen-Orient",Tom Schutyser,2012,French,5 Continents,887439604X,GBB280440
CAP esthétique cosmétique : révision - entraînement,Gérard Peyrefitte,2012,French,Elsevier/Masson,2294718526,GBB808156
"Couture unfolded : innovative pleats, folds and draping in fashion design = Plissés et création / plis, plissés et drapés originaux pour la mode",Brunella Giannangeli,2012,French,Promopress,8492810556,GBB275703
David Nash : Black and Red : Bronze and Wood,Thierry Dufrêne,2012,French,Mitchell-Innes&Nash,2868821006,GBB875224
Living French : a grammar-based course,Thomas William Knight,2012,French,Hodder Education,1444153978,GBB1D1898
"Jules Payot (1859-1940) : education de la volonté, morale laïque et solidarité : itinéraire intellectuel et combats pédagogiques au coeur de la IIIe République",Jean-François Condette,2012,French,Peter Lang,3034311761,GBB7H1844
King Akbar's daughter : stories for everyone,Noor Inayat Khan,2012,French,Sulūk Press,930872922,GBB324709
"Législation, éthique, déontologie : UE 1.3",Carène Ponte,2012,French,Elsevier/Masson,2294720733,GBB808303
"Législation, éthique et déontologie",Constance Hazen,2012,French,Elsevier/Masson,2294729188,GBB808212
Les lavandières endiablées = The wild washerwomen,John Yeoman,2012,French,Mantra Lingua,1846117633,GBB352799
Lès-avirètes da Alice ô payis dès mèrvèyes,Lewis Carroll,2012,French,Evertype,178201005X,GBB271199
Les aphasies : évaluation et rééducation,Sophie Chomel-Guillaume,2012,French,Elsevier/Masson,229471864X,GBB808247
Lès-aventûres d'Alice ô Pèyis dès Mèrvèy,Lewis Carroll,2012,French,Evertype,1904808875,GBB229564
Les brûlures,Christian Echinard,2012,French,Elsevier/Masson,2294716833,GBB807745
Les équipes mobiles auprès des adolescents en difficulté : Collection pratiques en Psychotherapie,Sylvie Tordjman,2012,French,Elsevier/Masson,2294709837/2994099977,GBB808388
Les gaz du sang facile,Iain Hennessey,2012,French,Elsevier/Masson,2294102746,GBB808024
Les Maladies de la thyroïde,Jean-Louis Wémeau,2012,French,Elsevier/Masson,2294716736,GBB808032
Les dysphasies : de l'évaluation à la rééducation,Christelle Maillart,2012,French,Elsevier/Masson,2294729293,GBB808215
Les tests d'aptitude : Concours infirmier,Gérard Broyer,2012,French,Elsevier/Masson,2294718542,GBB850631
Les troubles du sommeil,Michel Billiard,2012,French,Elsevier/Masson,2294720210/2294710258,GBB850726
Les varices et télangiectasies,Albert-Adrien Ramelet,2012,French,Elsevier/Masson,2294709861/2994100347,GBB850849
Les vertiges,André Chays,2012,French,Elsevier/Masson,229470214X/2994099276,GBB850797
"Les violences sexuelles à l'adolescence : Comprendre, accueillir, prévenir",Pascal Roman,2012,French,Elsevier/Masson,2294726103/2294713583,GBB808263
Les dessins de la collection de Pierre-Jean Mariette : école française,Pierre Rosenberg,2012,French,ACC Distribution,8837064276,GBB1E6639
Lettres tahitiennes,Marie-Joséphine de Lescun Monbart,2012,French,Modern Humanities Research Association,1907322617,GBB2B1305
L'examen neurologique facile,Geraint Fuller,2012,French,Elsevier/Masson,2294102703/2810101159,GBB807686
La hierarchie des droits : convictions religieuses et droits fondamentaux au Canada,Louis-Philippe Lampron,2012,French,P Lang,9052017778,GBB404673
L'architecture et les pratiques funéraires dans l'Égypte romaine,Gael Cartron,2012,French,Hadrian Books,1407309935/1407309919,GBB2A0481
L'aporie ou l'expérience des limites de la pensée dans le Péri archôn de Damaskios,Carolle Métry-Tresson,2012,French,,9004207325,GBB1E5326
La voie d'Hermès : pratiques rituelles et traités hermétiques,Anna Van den Kerchove,2012,French,Brill,9004223452,GBB1E0423
La voix : anatomie et physiologie des organes de la voix et de la parole,François Le Huche,2012,French,Elsevier/Masson,2294721160/2294713494,GBB850665
La Voix : Pathologies vocales d'origine fonctionnelle,François Le Huche,2012,French,Elsevier/Masson,2294710509/2294718380,GBB850697
La voix : pathologies vocales d'origine organique,François Le Huche,2012,French,Elsevier/Masson,2294710908/2294718364,GBB850696
La colposcopie : technique et diagnostics,Jacques Marchetta,2012,French,Elsevier/Masson,2294718283,GBB850655
Kumar & Clark l'essentiel pour la médecine clinique,Anne Ballinger,2012,French,Elsevier/Masson,2294728513,GBB808277
La famille Jolineau en vacances = The Jolineau family on holiday,Elisabeth Ruiz,2012,French,Matador,178088060X,GBB1C6690
L'aide-soignant en service de gériatrie : soins et besoins affectifs,Marie-Bernadette Beaulieu,2012,French,Elsevier/Masson,2294725336,GBB808116
"La crise mondiale et le chemin vers la paix : un recueil de discours et de lettres de Mirza Masroor Ahmad, Imam et Chef de la Jamā'at Islamique Aḥmadiyya internationale, cinquième successeur du Messie Promis, qu'Allah le Tout-Puissant lui accorde Son aide",Mirza Masroor Ahmad,2012,French,Islam International Publications Ltd,1848804685,GBB4B5537
"La paix chaude après la guerre froide : militarisation et sous-développement en Afrique = A hot peace after the cold-war: militarization, democracy & underdevelopment in Africa",S. A. Danfulani,2012,French,Fast Print Publishing,1780355807,GBB433048
La peinture ou les leçons esthétiques chez Marcel Proust,Yae-Jin Yoo,2012,French,P Lang,1433117008/1453902516,GBB204928
"Valerius Flaccus, Vespasian und die Argo : zur zeithistorischen Perspektivierung des Mythos in den Argonautica",Bernhard Söllradl,2023,German,Brill,9004526143,GBC321134
Verbindungen im Stahl- und Verbundbau,Rolf Kindmann,2023,German,,3433609020/3433608997/3433609004,GBC3E5289
Vernichtungslage : das Ende der Pandemie : ethisch-philosophische Probleme der Corona-Krise,Javier Y. Álvarez-Vázquez,2023,German,Paper Books,1804673684,GBC3D4964
Where Is My Home? : Selected Short Poems of Rainer Maria Rilke,Rainer Maria Rilke,2023,German,Paper + Ink,1911475651,GBC343342
Wirtschaftsmathematik kompakt für Dummies,Christoph Mayer,2023,German,,3527839712,GBC395312
Übungsbuch Buchfürung für Dummies,Michael Griga,2023,German,Wiley,3527837507,GBC391279
Unternehmensführung für Dummies,Thomas Lauer,2023,German,Wiley-VCH,3527839151,GBC395286
Resilienz für Dummies,Eva Kalbheim,2023,German,"John Wiley & Sons, Inc. (trade",3527842519,GBC395318
Schreiben lernen : a writing guide for learners of German,Pennylyn Dykstra-Pruim,2023,German,Yale University Press,300271379,GBC3E1728
Sin : essays on the moral tradition in the western Middle Ages,Richard Newhauser,2023,German,Routledge,1000939798,GBC371418
Die Kunst des Z̃hlens : Mathematik und Technik von der Steinzeit bis Big Data und KI,Thomas Barth,2023,German,Wiley-VCH,3527822992,GBC3D7912
Einführung in die Gute Laborpraxis : ein praxisorientiertes Handbuch,Ilona Fleischhauer,2023,German,Ernst & Sohn GmbH,3527829008,GBC395294
Englisch lernen in 15 Minuten am Tag für Dummies,Hildegard Rudolph,2023,German,Wiley-VCH,3527838937,GBC395303
Deutsche Grammatik für Dummies,Matthias Wermke,2023,German,Wiley-VCH,3527837493,GBC395310
Die deutschsprachige weltliche Liedkultur um 1600,Frédérique Renno,2022,German,DeGruyter,3110738704,GBC260524
Die deutsche Freimaurerei in der langen Jahrhundertwende (1860-1935,Manuel Pauli,2022,German,Peter Lang,3631879313,GBC2H3849
Die Tat als Aushandlung des Politischen : Zur Logik des Politischen in der deutschsprachigen Literatur von 1773 bis 2014,Immanuel Nover,2022,German,DeGruyter,3110765465,GBC220134
Die Medizinstudentinnen der Universität Erlangen in der Weimarer Republik und im Nationalsozialismus,Dana Derichs,2022,German,Peter Lang,3631860803,GBC3B8531
"Die Physik der Musik und ihrer Instrumente : Von Schallschnellen, Wolfstönen und Liebesfüßen",Ivan Egry,2022,German,Ernst & Sohn GmbH,3527836969,GBC391286
Die Italienische Kommunistische Partei und die deutsche Frage 1947-1973,Francesco Leone,2022,German,Peter Lang,3631861257,GBC3C4379
"Die Parzival-Handschrift L (Hamburg, Staats- und Universitätsbibliothek, Cod. germ. 6) : Entstehungsprozess, Sammelkonzept und textgeschichtliche Stellung",Mirjam Geissbühler,2022,German,Peter Lang,3631778401,GBC2L6652
European lives in eighteenth-century literature and science,Michael Rand Hoare,2022,German,Peter Lang,1789976182/1789976144,GBC176412
Dressed undressed : sexy girls stripping naked,Dave Naz,2022,German,Edition Reuss,3943105599,GBC377488
Der Engel in der Moderne : eine Figur zwischen Exilgegenwart und Zukunftsvision,Lena Zschunke,2022,German,DeGruyter,3110729665,GBC211596
Der Historische Hafen Berlin in Malerei und Grafik 1778-2004 = The historic harbor of Berlin : paintings and graphic arts 1778-2004,Barbara Maennig,2022,German,Benteli,3716518670,GBC1L3177
Der Prolog : der Megatrend alternative Energien im Zeitalter des Wettbewerbs der Grossmächte,Alexander Mirtchev,2022,German,Springtime Books,1915548009,GBC395379
Erotic sessions,Dahmane,2022,German,Edition Skylight,3037666838,GBC3H5620
Epidemiologie für Dummies,Oliver Razum,2022,German,Wiley,3527837213,GBC2A5329
Zeit und Raum : eine Untersuchung zur Entwicklung der Zeit- und Raumlehre bei Immanuel Kant,Marko Martić,2022,German,DeGruyter,3110763218,GBC220132
Wie gross ist unser Gott!? : Staunend vertrauen und bewundernd anbeten,Jan Philip Svetlik,2022,German,Hmaidan.Media,1913232549,GBC391453
"Verankerungen, Vernagelungen und Mikropfähle in der Geotechnik",Lutz Wichter,2022,German,Ernst & Sohn,3433609497/3433609500/3433609527,GBC391261
"Völkisch, nationalsozialistisch, rechtsradikal : Weltanschauung und Lebenswelt einer Jugendbewegten : eine deutsche Biographie im 20. Jahrhundert",Ulrich Linse,2022,German,Peter Lang,3631874820/3631879306,GBC2L1350
What It Is to Exist : The Contribution of Thomas Aquinas's View to the Contemporary Debate,Patrick Zoll,2022,German,DeGruyter,3110991307,GBC2F0032
Wirtschaftspsychologie für Dummies,Ulrich Walbrühl,2022,German,Wiley-VCH,3527836667,GBC256661
Wirtschaft für Dummies,Sean Masaki Flynn,2022,German,Wiley-VCH GmbH,3527837523,GBC268548
Walter Müller-Seidels fragmentarischer Erinnerungsbericht : Autobiographik und Wissenschaft im 20. Jahrhundert,Anna Axtner-Borsutzky,2022,German,Peter Lang,3631855966,GBC3C9450
Rotography : a new universe of the visual = ein neues Universum des Sehens,Jürg Stünzi,2022,German,Benteli,3716518689,GBC1I1493
"Sexy underwear and hot pussy : panties, bras, thongs, stockings, lingerie",Quinn Dolan,2022,German,Edition Reuss,3943105612,GBC377491
Shasta : African queen,Stefan Soell,2022,German,Edition Skylight,3037666821,GBC3I5794
German workbook for dummies,Wendy Foster,2022,German,ForDummies,1119986690,GBC2M1265
Genetik für dummies,Tara Rodden Robinson,2022,German,"Wiley, Wiley-VCH GmbH",3527837094,GBC242801
Zur Konstruktion kollektiver Identität im mittelalterlichen Magdeburg,Sylvia Meyer,2021,German,Peter Lang,3631826331,GBC197095
"Von Musen und Musik : zu Oper, Libretto und Singspiel",Hans-Albrecht Koch,2021,German,Peter Lang,3631836583,GBC3F6683
Union,Martin Storey,2021,German,Rowan Yarns,,GBC3H5920
Wannsee : the road to the final solution,Peter Longerich,2021,German,Oxford University Press,198834045,GBC1C4277
"Was nun, Odysseus? : Ergänzung zur Lüge des Odysseus",Paul Rassinier,2021,German,Castle Hill Publishers,1591482356,GBC2H4456
Übungsbuch Organische Chemie für Dummies,Arthur Winter,2021,German,Wiley-VCH GmbH,3527834060,GBC148986
Ute Eitzenhöfer - Subtext,Wilhelm Lindemann,2021,German,Arnoldsche,3897906280,GBC1D7194
Wo Sind All Die Instrumente? : Europäisches Orchester,Nathan Holder,2021,German,Holders Hill Publishing,1999753089,GBC2J5222
Wolfgang Rahs : Sieben Geschicke und viel Gebüsch = seven skills and a lot of wilderness,Wolfgang Rahs,2021,German,Arnoldsche,3897906334,GBC1E2366
"Welten : introductory German, enhanced",Prisca Augustyn,2021,German,Cengage,357445775,GBC092816
Wertschätzende Organisationsentwicklung : Zukunft gemeinsam gestalten - Tools für den erfolgreichen Wandel,Reinhold Pabst,2021,German,Wiley-VCH,3527832750,GBC120999
"Short stories in German for intermediate learners : read for pleasure at your level, expand your vocabulary and learn German the fun way!",Olly Richards,2021,German,John Murray,1529361643,GBC116733
Reading German for theological studies : a grammar and reader,Carolyn Roberts Thompson,2021,German,BakerAcademic,1540962628,GBC1E9219
"Schwedische Einwanderer zwischen Akkulturationsprozess und 'cultural maintenance' in Seattle/Washington State, 1885-1940",Katrin Leineweber,2021,German,Peter Lang,3631849583,GBC3F1324
Scuttle to salvage : the demise of the German High Seas Fleet in Scapa Flow,Nicholas Jellicoe,2021,German,The Orcadian (Kirkwall Press,191288903X,GBC2H9085
Responses ; Kafka's Prague,Jiří Kolář,2021,German,Twisted Spoon Press,8086264578,GBC1B8856
"Sense sensibility : aesthetics, aisthesis and media of embodiment = Die Sinne spüren : Ästhetik, Aisthesis und Medien der Verkörperung",Sabine Flach,2021,German,Peter Lang,3034335628,GBC3F1490
Rowan ease,Lisa Richardson,2021,German,Rowan Yarns,,GBC3H5923
Rebecca Horn : concert for anarchy,Rebecca Horn,2021,German,Hatje Cantz,3775751203,GBC1I1520
Reconstructing tomorrow,Daniel Theiler,2021,German,Hatje Cantz,3775749183,GBC199572
Tammam Azzam : Bilder ohne Namen = untitled pictures,Tammam Azzam,2021,German,Hirmer,3777438022,GBC1C7529
Statistik mit R für dummies,Joseph Schmuller,2021,German,Wiley-VCH,3527837566,GBC242807
Symphonie der Worte : Musikalisierung von Fiktion in ausgewählten Werken Irène Némirovskys,Eva Franziska Pemmerl,2021,German,Peter Lang International Academic Publishers,1789976021,GBC360901
Strategien des Begehrens : Homotextualitat in der deutschen und mexikanischen Literatur des 20. Jahrhunderts,Raquel Soledad López Torres,2021,German,Peter Lang,3631811597,GBC3G1539
Sprechen im Märchen : Inszenierung von Mündlichkeit in Märchentexten des 19. Jahrhunderts,Christine Pretzl,2021,German,Peter Lang,3631851170,GBC3G1674
Stars and numbers : astronomy and mathematics in the medieval Arab and western worlds,Paul Kunitzsch,2021,German,Routledge,1000585261,GBC1K1814
Suchmaschinen-Optimierung für Dummies,Julian Dziki,2021,German,Wiley-VCH,3527829180,GBC1C0910
"HNO-Heilkunde, Phoniatrie und Pädaudiologie : für Sprachtherapeuten",Hans Werner Eichel,2021,German,North-Holland Biomedical Press,3437061224,GBC1D9331
Immunologie für Dummies,Bärbel Häcker,2021,German,Wiley-VCH,3527829504,GBC1C1900
"Ikonen der Kunst : und wie sie zu dem wurden, was sie heute sind",Katja Lembke,2021,German,Prestel,3791386805,GBC1G4184
Himeji Castle,Irmtraud Schaarschmidt-Richter,2021,German,Edition Axel Menges,3869050263,GBC3F9003
Herr Bär Leistet Erste Hilfe,Marta Almansa Esteva,2021,German,Marta Almansa Esteva,1838354298,GBC377965
"Braque, 1906-1914 : Erfinder des Kubismus = inventor of cubism",Georges Braque,2021,German,Kunstsammlung Nordrhein-Westfalen,3791379151,GBC1D2840
"Asia in Flanders fields : Indians and Chinese on the Western Front, 1914-1920",Dominiek Dendooven,2021,German,Pen & Sword Military,1526763338,GBC1G1652
Arthur Koestler. Die Genese Eines Exilschriftstellers,Matthias Wessel,2021,German,Peter Lang,3631861547,GBC284818
Asset-Allokation mit Kryptoassets : das Handbuch,Martin Leinweber,2021,German,"John Wiley & Sons, Incorporated",3527838155,GBC1K7195
C für Dummies,Dan Gookin,2021,German,Wiley-VCH Verlag GmbH,3527833382,GBC1F6264
Biologie kompakt für Dummies,René Fester Kratz,2021,German,Wiley-VCH,3527832300,GBC1C1165
Bī ānkih az chashmʼhāyam bikhvānī : (shiʻrʼhā-yi chap-i irutīk) shiʻrʼhā Fārsī va Ālmānī,Ana María Rodas,2021,German,Nashr-i Mehrī,1914165610,GBC2H0753
Bernina transversal,Guido Baselgia,2021,German,Park Books,,GBC199542
Andrea Garbald : Album,Andrea Garbald,2021,German,Scheidegger & Spiess,3039420254,GBC199543
Anatomie und Physiologie : für Sprachtherapeuten,Jochen Schindelmeiser,2021,German,North-Holland Biomedical Press,3437060414,GBC263083
"Basiswissen Echokardiografie : ""Ars echocardiographica"" - Schritt für Schritt zur korrekten Diagnose",Andreas Hagendorff,2021,German,North-Holland Biomedical Press,3437060406,GBC1D0454
Bau2haus : Jean Molitor : neues zur moderne in der Welt = more modernism around the globe,Jean Molitor,2021,German,Hatje Cantz,3775750525,GBC1C7522
"The complete songs of Hugo Wolf : life, letters, Lieder",Richard Stokes,2021,German,Faber & Faber,571360710,GBC1A7332
Kryptografie für Dummies,Hans Werner Lang,2018,German,Wiley-VCH Verlag GmbH&Co,3527822062,GBB8F7215
Laborwerte,Arno J. Dormann,2018,German,North-Holland Biomedical Press,3437097083,GBB8I7449
Kommentar zum Medizinproduktegesetz (MPG,Erwin Deutsch,2018,German,: Springer,3662554615,GBB959318
Kommentar zur (Muster-)Berufsordnung für die in Deutschland tätigen Ärztinnen und Ärzte - MBO-Ä 1997,Rudolf Ratzel,2018,German,: Springer,3662551659,GBB959312
Logik und Problematik der Antikorruption : Deutschland und Italien im Vergleich,Sabine Fütterer,2018,German,SpringerVS,3658218517,GBB958083
London,Sara Pink,2018,German,"Pitkin Publishing, Pavilion Books Company Limited",1841657646,GBB8L8779
New poems,Rainer Maria Rilke,2018,German,Camden House,1787444279,GBB8M2088
Netsuke in comparison : motifs and their variations = Netsuke im Vergleich : Motive und ihre Variationen,Florian Langegger,2018,German,Arnoldsche,3897905280,GBB8M9505
Neurochirurgische Schmerztherapie : Schmerzsyndrome und Therapieverfahren,Volker Tronnier,2018,German,: Springer,3662535610,GBB8J1744
Neo-Ordoliberalismus : ein Zukunftsmodell für die soziale Marktwirtschaft,Markus Hans-Pe ter Müller,2018,German,SpringerGabler,3658218836,GBB979047
Neustart des LHC : die Detektoren: Die Weltmaschine anschaulich erklärt,Michael Hauschild,2018,German,SpringerSpektrum,3658231068,GBB8H0897
Neue Landschaftsgeographie : Ein Überblick,Olaf Kühne,2018,German,SpringerVS,3658208406,GBB935727
Neue frauen : Leonhard Hurzlmeier,David Cohen,2018,German,Hatje Cantz Verlag,3775744881,GBB907863
Netzwerke für Dummies,Doug Lowe,2018,German,Wiley-VCH,3527815430,GBB8A5057
Neustart des LHC : die Entdeckung des Higgs-Teilchens : Die Weltmaschine anschaulich erklärt,Michael Hauschild,2018,German,SpringerSpektrum,365823086X,GBB8H0291
Neurorehabilitation bei Erkrankungen des zentralen Nervensystems : mit 40 Abbildungen,Frans van der Brugge,2018,German,: Springer,3662554151,GBB8J1791
Nie wieder Stapel! : In fünf einfachen Schritten zum perfekt organisierten Schreibtisch!,Nicole Sehl,2018,German,Wiley-VCH Verlag GmbH&Co KGaA,3527820000,GBB8A5139
No fungi no future : wie Pilze die Welt retten können,Jan I. Lelley,2018,German,: Springer,3662565072,GBB959425
Nicht ärgern-ändern! : Gelassenheit statt Burnout,German Quernheim,2018,German,: Springer,3662565714,GBC229090
Mathematik für Ingenieure I für Dummies,J. Michael Fried,2018,German,Wiley Wiley-VCH Verlag GmbH&Co KGaA,3527816135/3527816143,GBB879268
Mathematik für Manager : Erfolg durch Mathematisches Denken,Ulrich Holzbaur,2018,German,Springer Gabler. in Springer Fachmedien Wiesbaden GmbH,3658196645,GBB8H8829
Mathematik ist wunderschön : Noch mehr Anregungen zum Anschauen und Erforschen für Menschen zwischen 9 und 99 Jahren,Heinz Klaus Strick,2018,German,: Springer,3662558319,GBB959340
"Mathematik und Gott und die Welt : was haben Kunst, Musik oder Religion mit Mathematik am Hut?",Norbert Herrmann,2018,German,: Springer,3662563886,GBB959411
Materialflusssysteme : Förder- und Lagertechnik,Michael Ten Hompel,2018,German,Springer Vieweg,3662561816,GBB8I7366
Mathe ist noch mehr : Aufgaben und Lösungen der Fürther Mathematik-Olympiade 2012-2017,Paul Jainta,2018,German,Springer Science + Business Media,3662566516,GBB959443
Mathe zum Mitmachen für Dummies Junior,Ernestina Dittrich,2018,German,Wiley,352781731X,GBB835937
Normatives Entscheiden : Aufgaben und Merkmale der Entscheidungs- und Erwartungsnutzentheorie,Siegfried Weinmann,2018,German,SpringerGabler,3658231912,GBB8J4549
"Nossa Punt : Tavanasa : Brücken, Landschaft = bridges, landscape = punts, cuntrada",Wilfried Dechau,2018,German,Scheidegger & Spiess,385881587X,GBB8A3365
Nude,Ralph Gibson,2018,German,Taschen,3836568883,GBB868399
Markenmanagement mit System : Wie Sie Ihre Marke strukturiert aufbauen und führen,Sascha Kugler,2018,German,SpringerGabler,3658162252,GBB954774
Markenführung mit Archetypen : Von Helden und Zerstörern : ein neues archetypisches Modell für das Markenmanagement,Jens Uwe Pätzmann,2018,German,SpringerGabler,3658230886,GBB8J4552
Marius Bercea,Marius Bercea,2018,German,Blain/Southern,995490961,GBB8J2357
Marken in der Smart City : Wie die Cyber-Urbanisierung das Marketing verändert,Alexander Gutzmer,2018,German,SpringerGabler,3658191392,GBB957894
Maschinenelemente für Dummies,Anton Haberkern,2018,German,Wiley,352769272X,GBB888876
Marketingrecht : Rechtsrahmen eines Marketingmanagements,Thomas Zerres,2018,German,SpringerGabler,3658221593,GBB958090
Marketing : Grundlagen marktorientierter Unternehmensführung Konzepte - Instrumente - Praxisbeispiele,Heribert Meffert,2018,German,SpringerGabler,3658211967,GBC3F7045
Morphologie von Sandbänken in fließenden Gewässern und Buhnenfeldern : Laterale Sedimentation und natürliche Korngrößensortierung - eine Homologie-Hypothese,Bertram Botsch,2018,German,Springer-Verlag GmbH,3662575663,GBB8J2022
Medikamenten-Pocket Schmerztherapie,Ingolf Cascorbi,2018,German,: Springer,3662578441,GBB8M1812
"Enzyme : Struktur, Kinetik und Anwendungen",Hans Bisswanger,2015,German,Wiley-VCH Verlag GmbH&Co KGaA,3527336753,GBB5B8363
Erfolgreich führen im Ehrenamt : ein Praxisleitfaden für freiwillig engagierte menschen,Britta Redmann,2015,German,SpringerGabler,3834946796,GBB973332
Erfolgreich führen mit innerer Macht - Machtspiele umwandeln,Barbara Schmidt,2015,German,: Springer,3642416837,GBB8J8510
"Erfolgreiche Kundenrückgewinnung : Verlorene Kunden identifizieren, halten und zurückgewinnen",Matthias Neu,2015,German,SpringerGabler,3658048077,GBB953527
"Erfolgreiche Personalauswahl : sicher, schnell und durchdacht",Michael Lorenz,2015,German,SpringerGabler,3834947660,GBB959577
"Erfolgreiche PR-Arbeit für Krankenhäuser : Patienten, Ärzte und Zuweiser gewinnen",Robert Schafer,2015,German,SpringerGabler,3658063610,GBB953597
Erhaltene Präsenz : Essays über die politische Sprache,Christian Gellinek,2015,German,Peter Lang Edition,3631661192,GBB639909
"Erfolgreiches Personalmanagement in China : rekrutierung, mitarbeiterfuhrung, verhandlung",Karl Waldkirch,2015,German,SpringerGabler,3834946737,GBB973334
Erfolgreiches Projektmanagement ohne externe Berater in KMUs : Praxisleitfaden zur Etablierung Interner Projektmanager,Wilfried Mensing,2015,German,SpringerGabler,3658066636,GBB953637
Erfolgsfaktor gesunder Stolz : wie Sie Ihre Selbstzweifel loswerden und Ihr Leben genießen,Marion Lemper-Pychlau,2015,German,SpringerGabler,3658110066,GBB8J4238
Erfolgsfaktor Kanzleikommunikation : Magnet für Mandanten und Mitarbeiter,Martina Schäfer,2015,German,SpringerGabler,3658090766,GBB8K6171
Erfolgsfaktor Kanzleistrategie : Zielgruppen bestimmen und gewinnen,Martina Schäfer,2015,German,SpringerGabler,3658091835,GBB8K6194
Erfolgsfaktoren strategischen Personalmanagements,Thorsten Krings,2015,German,SpringerGabler,3658099801,GBB952887
"Erfolgsrechnung - Wertsteigerung durch Wertschöpfung : Grundlagen, Konzeption, Instrumente",Jürgen Reim,2015,German,Harrassowitz Verlag,3658069090,GBB953659
"Erfolgsworkshop Vertrieb : Packen Sie's an! : Ziele definieren, Maßnahmen planen und endlich tun, was getan werden muss",Jörn Bruhn,2015,German,SpringerGabler,3658063165,GBB973077
Ergebnisse der Coaching-Forschung : Aktuelle Studien - ausgewertet für die Coaching-Praxis,Uwe Böning,2015,German,Springer Science + Business Media,3662435209,GBB8J8567
Essential German grammar,Martin Durrell,2015,German,Routledge,1138785816,GBB508713
"Experimente rund ums Kochen, Braten, Backen",Georg Schwedt,2015,German,Wiley-VCH Verlag GmbH&Co KGaA,3527339679,GBB5B6813
"Experimente rund ums Kochen, Braten, Backen",Georg Schwedt,2015,German,Wiley-VCH,3527694648,GBB753176
Evidenzbasierte Gefässchirurgie,E. Sebastian Debus,2015,German,: Springer,3662471671,GBB8J1629
Evidenzbasierte Musiktherapie bei Behavioural and Psychological Symptoms of Dementia (BPSD) : Wirkung und Klinische Anwendung von aktiven un rezeptiven Vorgehensweisen,Rahel Sutter,2015,German,Urban&Fischer,3437316826,GBB809549
Exclusive yachtclubs,Svante Domizlaff,2015,German,Delius Klasing Verlag,3667102737,GBB5B3928
Evolutionäre Medizin : eine Einführung für Mediziner und Biologen,Werner Buselmaier,2015,German,: Springer,365810760X,GBB901534
Excel und VBA : Einführung mit praktischen Anwendungen in den Naturwissenschaften,Franz Josef Mehr,2015,German,Springer Vieweg,3658088869,GBB953720
Evidence Based Practice (EBP) in der Neurologischen Rehabilitation : Literaturrecherche und Analyse von Förderfaktoren und Barrieren,Anke Hengelmolen-Greb,2015,German,Urban&Fischer,3437316494,GBB809516
Dr. Burischs Burnout-Kur-für alle Fälle : Anleitungen für ein gesundes Leben,Matthias Burisch,2015,German,: Springer,3662467755,GBB8J1636
Puglia tra albe e tramonti,Luigi Ghirri,2022,Italian,Mack,1913620352,GBC2E7454
Orasho,Peter McCarey,2022,Italian,Red Squirrel Press,1913632350,GBC3G2582
L'area archeologica del sepolcro degli Scipioni a Roma : analisi delle strutture di età imperiale e tardo antica,Michela Stefani,2022,Italian,BAR Publishing,1407357775,GBC271145
Teach Your Dog Italian,Anne Cakebread,2022,Italian,YLolfa,1912631407,GBC245284
Christ was a female,Mary Blindflowers,2021,Italian,Black Wolf Edition&Publishing Ltd,1911424866,GBC2J9063
Case fatte di sole : vite possibili per architetture immaginate = Houses made of sun : possible lives for imagined architectures,Concetta Tavoletta,2021,Italian,LetteraVentidue Edizioni,8862425711,GBC1J0188
Cos'hai nella pancia? = Let it out!,Estella Beltramelli,2021,Italian,Vice Versa Publishing,1838086447,GBC347023
Complete Japanese grammar,Eriko Sato,2021,Japanese,Mc Graw-Hill,1260463214,GBC0D5065
"Ad Solaria, identificazione di una stazione di sosta : nuove prospettive dallo scavo di un complesso romano a Calenzano (Firenze",Daria Pasini,2021,Italian,BAR Publishing,1407357645,GBC160132
Agostino Bonalumi small gems,Antonella Soldaini,2021,Italian,SilvanaEditoriale,8836650156,GBC1L3213
Easy Italian reader : a three-part text for beginning students,Riccarda Saggese,2021,Italian,,1260463644,GBC0G6848
"Diachrony, synchrony, and typology of tense and aspect in Old Japanese",Kazuha Watanabe,2021,Japanese,Lexington Books,1793614438,GBC0J9247
English-Japanese Japanese-English dictionary,Miruka Arai,2021,Japanese,,1912826232,GBC2K3977
Equilibrium = L'Equilibrio,Massimiliano Bellavista,2021,Italian,Vice Versa Publishing,1838086466,GBC3I8886
The Routledge intermediate to advanced Japanese reader : a genre-based approach to reading as a social practice,Noriko Iwasaki,2021,Japanese,Routledge,1000408942,GBC116429
The Kazimir effect,Christian Bök,2021,Japanese,Penteract Press,1913421112,GBC257379
"NOW! NihonGO NOW! : performing Japanese culture. Level 2. Volume 2, Textbook",Mari Noda,2021,Japanese,Routledge,1000371895/1000371857/1003157335,GBC127065
"NOW! NihonGO NOW! : performing Japanese culture. Level 2. Volume 2, Textbook and activity book",Mari Noda,2021,Japanese,Routledge,1000371918/1003157366/1000371871,GBC130629
"NOW! NihonGO NOW! : performing Japanese culture. Level 2. Volume 2, Activity book",Mari Noda,2021,Japanese,Routledge,1000371864/1000371901/1003157359,GBC127066
"NOW! NihonGO NOW! : performing Japanese culture. Level 2. Volume 1, Textbook",Mari Noda,2021,Japanese,Routledge,1351395397/0203729335/1351395403,GBC135838
"NOW! NihonGO NOW! : performing Japanese culture. Level 2. Volume 1, Textbook and activity book",Mari Noda,2021,Japanese,Routledge,1003157403/1000371833/1000371819,GBC135818
Mix-and-match animaletti uncinetto : schemi all'uncinetto amigurumi,Sayjai Thawornsupacharoen,2021,Italian,K and J Publishing,1910407837,GBC357630
Nakama,Yukiko Abe Hatasa,2021,Japanese,Heinle,0357142134/0357142035,GBC005488
Mary : una storia,Mary Wollstonecraft,2021,Italian,Ghostly Whisper,1915077196,GBC2L7283
"Felsina pittrice = Lives of the Bolognese painters : a critical edition and annotated translation. Vol. 2. Pt. 1, Lives of of Francesco Francia and Lorenzo Costa",Carlo Cesare Malvasia,2021,Italian,"Harvey Miller Publishers, an imprint of Brepols Publishers",1912554799,GBC3C2995
Hai Un Animale Domestico? : A lovely story in Italian about pets,Joanne Leyland,2021,Italian,Cool Kids Publishing Group Ltd,1914159107,GBC2G5853
Giovanni Bottesini : virtuoso del contrabbasso e compositore,Luigi Inzaghi,2021,Italian,Stephen Street,1838128719,GBC382461
Giri giri = Girigiri,Nicolas Boyer,2021,Japanese,Hatje Cantz,3775750975,GBC1A6782
Good morning Bob : un mondo di sorrisi,Marta Marotta,2021,Italian,Ciao Publishing Ltd,1638779438,GBC2B4497
Vittorio Messina : the instability and uncertainty of the real,Bruno Corà,2021,Italian,Forma Edizioni,8855210911,GBC232264
Walter Niedermayr : transformations,Walter Niedermayr,2021,Italian,SilvanaEditoriale,8836648986,GBC1E2411
Una terra nel sole = A land in the sun,Lino Concas,2021,Italian,Austin Macauley Publishers,1528968423,GBC1J0774
Un philosophe des Lumières entre Naples et Paris : Ferdinando Galiani (1728-1787,Azzurra Mauro,2021,Italian,Voltaire Foundation,1800857957,GBC237742
Grammatica delle Lingue Sabelliche dell'Italia Antica,Alessandra Petrocchi,2020,Italian,LINCOM GmbH,3862900428,GBC1H5664
Giovanni Bottesini : cenni biografici = Giovanni Bottesini : biographical notes,Cesare Lisei,2020,Italian,Stephen Street,1999866444,GBC1G0589
"Grit, grace and gold : haiku celebrating the sports of summer",Kit Pancoast Nagamura,2020,Japanese,Kodansha USA,1568365978,GBC0D5270
The road to Meikle Seggie,Richard Demarco,2020,Italian,Luath Press,1913025977,GBC065881
"NOW! NihonGO NOW! : performing Japanese culture. Level 1. Volume 2, Textbook",Mari Noda,2020,Japanese,Routledge,1000078466/1000078381/1000078428/1003039334,GBC076033
Nuove epigrafi greche da Halaesa Archonidea : Dati inediti sulle Tabulae Halaesinae e su una città della Sicilia tardo-ellenistica,Emiliano Arena,2020,Italian,BAR Publishing,1407357824,GBC174917
"NOW! NihonGO NOW! : performing Japanese culture. Level 1. Volume 2, Textbook and activity book",Mari Noda,2020,Japanese,Routledge,1000078411/1003051879/1000078497/1000078459,GBC076036
"NOW! NihonGO NOW! : performing Japanese culture. Level 1. Volume 1, Textbook",Mari Noda,2020,Japanese,Routledge,1351397520/0203730362/1351397537/1351397513,GBC076531
"NOW! NihonGO NOW! : performing Japanese culture. Level 1. Volume 1, Textbook and activity book",Mari Noda,2020,Japanese,Routledge,1000078404/1000078480/1000078442/1003051855,GBC076035
Note Sui Ragionamenti Matematici,Gianfranco Vellucci,2020,Italian,London Ancient Coins Ltd,957578466,GBC2A8943
Omaggio a Giorgio Merighi : A Tribute,David Sugden,2020,Italian,Singers Books,954586530,GBC269534
"Io Milano : aprile 2020, la città vista dai Carabinieri attraverso l'occhio di un fotografo",Carlo Mari,2020,Italian,Skira,8857244402,GBC1B1282
I templi del Fayyum in epoca tolemaico-romana tra fonti scritte e contesti archeologici : per una classificazione degli edifici sacri nell'Egitto tolemaico e romano,Ilaria Rossetti,2020,Italian,Archaeopress Archaeology,1789694963,GBC056367
Italian short stories for beginners : learn Italian in a fun and easy way and grow your vocabulary with engaging short stories ; Vol. 2,Frank Milano,2020,Italian,,1801122771,GBC3H9409
Indiana,George Sand,2020,Italian,Ghostly Whisper Ltd,1915077189,GBC289577
Hell master,Josephine Kingstone,2020,Italian,Ghostly Whisper,1915077226,GBC2F6962
Insieme,Laura Buzzegoli,2020,Italian,Edizioni Venaplus,1913914178,GBC1L0623
"Scripting Japan : orthography, variation, and the creation of meaning in written Japanese",Wesley C. Robertson,2020,Japanese,Routledge,1000088545/1000088588/0429331008/1000088540/1000088564,GBC0D2789
"Ricerche archeologiche a Sant'Andrea di Loppio (Trento, Italia) : l'area della Chiesa",Barbara Maurina,2020,Italian,Archaeopress Archaeology,1789695373,GBC0E0367
Rime disperse,Francesco Petrarca,2020,Italian,Routledge,1317947660,GBC0G4894
"Sightings, thoughts and feelings : selected collected poems, 1972-2015 = Avvistamenti, pensieri e sentimenti : collezione de poesie scelte, 1972-2015",Gillian Bickley,2020,Italian,Proverse Hong Kong,9888492015,GBC1K7136
The belt,Jacopo Benassi,2020,Italian,Skira,8857243825,GBC220293
Teoria della Probabilità : Variabili aleatorie e distribuzioni,Andrea Pascucci,2020,Italian,Imprint: Springer,8847040000,GBC0E1137
Studi celtici,Filippo Motta,2020,Italian,Pisa University Press,8833392759,GBC2J5176
Japanese design since 1945 : a complete sourcebook,Naomi R. Pollock,2020,Japanese,Watson-Guptill Publications,500022214,GBC099525
Japanese-English translation : an advanced guide,Judy Wakabayashi,2020,Japanese,Routledge,1000192391/1000192384/1003018452/1000192377,GBC0C5932
La ragazza invisible,Mary Wollstonecraft Shelley,2020,Italian,Ghostly Whisper Ltd,1915077004,GBC275932
La palude del diavolo,George Sand,2020,Italian,Ghostly Whisper Ltd,1915077028,GBC289578
Learn Italian for beginners : the ultimate guide to learn the Italian language : including dialects and history of the language : over 2000 phrases in everyday use,Frank Milano,2020,Italian,,1801122764,GBC2K7040
Le Corbusier : lezioni di modernismo,Le Corbusier,2020,Italian,Verlag Scheidegger & Spiess AG,3858818485/3858818539,GBC2A1955
Bitter grass,Gëzim Hajdari,2020,Italian,Shearsman Books,1848617038,GBC0K0678
"Avvistamenti, pensieri e sentimenti : collezione de poesie scelte, 1972-2015",Gillian Bickley,2020,Italian,Proverse Hong Kong,9888228829,GBC1K2495
Are you ready? : be patient : it hurts : be seated,Carole Griffiths,2020,Italian,Coventry University,1846000003,GBC316308
Archeologia rupestre nel territorio di Siracusa,Santino Alessandro Cugno,2020,Italian,BAR Publishing,1407356607,GBC0J9822
Bondo,Menna Elfyn,2020,Italian,Ludo Edizioni,8831918329,GBC3A0242
The Cotswolds : a practical guide and souvenir,Fiona Danks,2019,Japanese,Chris Andrews Publications Ltd,1912584253,GBC1C9926
The Italian job : immigrant in Italy,Daniel Pratt Morris-Chapman,2019,Italian,William Wathes and Sons,1909922080,GBB9G6230
"Egitto, Iraq ed Etruria nelle fotografie di John Alfred Spranger : viaggi e ricerche archeologiche (1929-1936",Stefano Anastasio,2019,Italian,Archaeopress Publishing Ltd,1789691276,GBB945749
The shrinking universe,Eva Rothschild,2019,Italian,Void Art Centre,191606230X,GBC1D9864
The will,G̲ẖulām Aḥmad,2019,Japanese,Islam International Publications Ltd,1848806917,GBC0A7477
Through a quiet window,Steve Jansen,2019,Japanese,Flood Gallery Publishing,191137415X,GBB9F9262
Young cool kids learn Italian : fun activities & colouring pages in Italian for 5-7 year olds,Joanne Leyland,2019,Italian,Cool Kids Publishing Group Ltd,1912771011,GBC2A4884
"Venerati maestri, chi ha ucciso il giornalismo italiano? : un'analisi dell'emergenza mediatica in Italia tra gli annni 2014- 2018",Rina Brundu,2019,Italian,Ipazia Books,1999344197,GBB9I8276
Volcano : Caragh Thuring,Caragh Thuring,2019,Italian,Thomas Dane Gallery,1999615727,GBC237436
Una vittoria zittita : Tomaso Binga : a silenced victory,Tomaso Binga,2019,Italian,Mimosa House,,GBC2A1722
Uno sguardo su Pisa ellenistica da piazza del Duomo : lo scavo del saggio D 1985-1988,Emanuele Taccola,2019,Italian,Archaeopress Access Archaeology,1789694017,GBC024306
